sample.id,sample_no,subspp,sex,collection,lat,lon,elev,date,sampling_year,sampling_month,sampling_day,sampling_yrday,gen_cycle
ANIC-14,14,Abeona,1,ANIC,-35.65,150.3,28,22/3/2020,2020,3,22,81,-1
ANIC-16,16,Abeona,1,ANIC,-35.65,150.25,2,25/10/2020,2020,10,25,299,1
ANIC-17,17,Abeona,1,ANIC,-35.15,150.05,605,29/11/2020,2020,11,29,333,1
ANIC-18,18,Abeona,1,ANIC,-35.7,150.2,16,22/1/2020,2020,1,22,22,1
ANIC-20,20,Abeona,1,ANIC,-35.7,150.15,0,4/10/2020,2020,10,4,277,1
ANIC-21,21,Abeona,1,ANIC,-35.55,149.95,869,16/2/2020,2020,2,16,47,-1
ANIC-22,22,Abeona,1,ANIC,-35.15,150.05,605,29/11/2020,2020,11,29,333,1
ANIC-23,23,Abeona,1,ANIC,-35.65,150.25,2,25/10/2020,2020,10,25,299,1
ANIC-24,24,Abeona,1,ANIC,-35.85,150.2,30,28/2/2020,2020,2,28,59,-1
ANIC-25,25,Abeona,1,ANIC,-35.65,150.3,28,22/3/2020,2020,3,22,81,-1
ANIC-26,26,Abeona,1,ANIC,-35.85,150.15,14,22/2/2020,2020,2,22,53,-1
ANIC-27,27,Abeona,1,ANIC,-35.65,150.3,28,22/11/2020,2020,11,22,326,1
ANIC-28,28,Abeona,1,ANIC,-35.6,150,391,15/2/2020,2020,2,15,46,-1
ANIC-29,29,Abeona,1,ANIC,-35.55,150,368,11/2/2020,2020,2,11,42,-1
ANIC-30,30,Abeona,1,ANIC,-35.55,149.95,869,16/2/2020,2020,2,16,47,-1
ANIC-31,31,Abeona,1,ANIC,-35.55,150,368,11/2/2020,2020,2,11,42,-1
ANIC-32,32,Abeona,1,ANIC,-35.55,149.95,869,15/2/2020,2020,2,15,46,-1
ANIC-33,33,Abeona,1,ANIC,-35.55,149.95,869,15/2/2020,2020,2,15,46,-1
ANIC-34,34,Abeona,1,ANIC,-35.55,149.95,869,15/2/2020,2020,2,15,46,-1
ANIC-35,35,Abeona,1,ANIC,-35.55,150,359,18/1/2020,2020,1,18,18,1
ANIC-36,36,Abeona,1,ANIC,-35.55,150,359,18/1/2020,2020,1,18,18,1
ANIC-37,37,Abeona,1,ANIC,-35.15,150.7,52,13/9/2020,2020,9,13,256,1
ANIC-38,38,Abeona,1,ANIC,-35.55,149.95,869,15/2/2020,2020,2,15,46,-1
ANIC-39,39,Abeona,1,ANIC,-35.55,150,359,19/1/2020,2020,1,19,19,1
ANIC-40,40,Abeona,1,ANIC,-35.55,149.95,869,1/1/2020,2020,1,1,1,1
ANIC-41,41,Abeona,1,ANIC,-35.55,149.95,869,1/1/2020,2020,1,1,1,1
ANIC-42,42,Abeona,-1,ANIC,-35.55,149.95,869,1/1/2020,2020,1,1,1,1
ANIC-43,43,Abeona,1,ANIC,-35.85,150.25,10,1/12/2020,2020,12,1,335,1
ANIC-47,47,Abeona,1,ANIC,-35.4,149.55,1143,10/2/2020,2020,2,10,41,-1
ANIC-48,48,Abeona,1,ANIC,-35.95,150.15,33,22/12/2020,2020,12,22,356,1
ANIC-49,49,Abeona,1,ANIC,-35.55,149.95,869,1/1/2020,2020,1,1,1,1
ANIC-50,50,Abeona,1,ANIC,-35.55,149.95,690,5/3/2020,2020,3,5,64,-1
ANIC-53,53,Abeona,-1,ANIC,-35.55,149.95,869,1/1/2020,2020,1,1,1,1
ANIC-54,54,Abeona,-1,ANIC,-35.05,150.65,13,26/11/2020,2020,11,26,330,1
ANIC-55,55,Abeona,-1,ANIC,-35.55,150,359,18/1/2020,2020,1,18,18,1
ANIC-56,56,Abeona,-1,ANIC,-35.15,150.7,52,12/10/2020,2020,10,12,285,1
ANIC-57,57,Abeona,1,ANIC,-35.05,150.65,13,18/12/2020,2020,12,18,353,1
ANIC-58,58,Albifascia,1,ANIC,-36.3,150.05,808,4/2/2020,2020,2,4,35,-1
ANIC-59,59,Albifascia,1,ANIC,-36.3,150.05,808,4/2/2020,2020,2,4,35,-1
ANIC-60,60,Albifascia,1,ANIC,-36.3,150.05,808,24/11/2020,2020,11,24,328,1
ANIC-61,61,Albifascia,1,ANIC,-36.3,150.05,808,4/2/2020,2020,2,4,35,-1
ANIC-62,62,Albifascia,1,ANIC,-36.6,149.4,1238,9/1/2020,2020,1,9,9,1
ANIC-63,63,Albifascia,1,ANIC,-36.6,149.4,1238,9/1/2020,2020,1,9,9,1
ANIC-64,64,Albifascia,1,ANIC,-36.6,149.4,1238,9/1/2020,2020,1,9,9,1
ANIC-65,65,Albifascia,1,ANIC,-36.6,149.4,1238,9/1/2020,2020,1,9,9,1
ANIC-66,66,Albifascia,1,ANIC,-36.6,149.4,1238,9/1/2020,2020,1,9,9,1
ANIC-67,67,Albifascia,1,ANIC,-36.3,150.05,808,28/12/2020,2020,12,28,362,1
ANIC-69,69,Albifascia,1,ANIC,-37,149.9,158,19/3/2020,2020,3,19,79,-1
ANIC-70,70,Albifascia,1,ANIC,-36.65,149.85,22,1/4/2020,2020,4,1,91,-1
ANIC-71,71,Albifascia,1,ANIC,-36.65,149.85,22,1/4/2020,2020,4,1,91,-1
ANIC-72,72,Albifascia,1,ANIC,-35.05,150.65,13,17/12/2020,2020,12,17,352,1
ANIC-73,73,Albifascia,1,ANIC,-35.05,150.65,13,17/12/2020,2020,12,17,352,1
ANIC-74,74,Albifascia,1,ANIC,-35.05,150.65,13,18/2/2020,2020,2,18,49,-1
ANIC-75,75,Albifascia,1,ANIC,-35.05,150.65,13,18/12/2020,2020,12,18,353,1
ANIC-76,76,Albifascia,1,ANIC,-35.05,150.65,13,19/12/2020,2020,12,19,354,1
ANIC-77,77,Albifascia,1,ANIC,-36.45,150.1,0,14/3/2020,2020,3,14,73,-1
ANIC-78,78,Albifascia,1,ANIC,-35.4,149.55,1143,10/2/2020,2020,2,10,41,-1
ANIC-79,79,Albifascia,1,ANIC,-35.4,149.55,1143,1/12/2020,2020,12,1,335,1
ANIC-80,80,Albifascia,1,ANIC,-35.4,149.55,1143,1/12/2020,2020,12,1,335,1
ANIC-81,81,Albifascia,1,ANIC,-35.4,149.55,1130,16/2/2020,2020,2,16,47,-1
ANIC-83,83,Albifascia,1,ANIC,-36.3,150.05,808,20/12/2020,2020,12,20,355,1
ANIC-84,84,Albifascia,-1,ANIC,-36.6,149.4,1238,9/1/2020,2020,1,9,9,1
ANIC-85,85,Albifascia,-1,ANIC,-37,149.9,158,1/3/2020,2020,3,1,61,-1
ANIC-86,86,Albifascia,-1,ANIC,-36.6,149.4,1238,9/1/2020,2020,1,9,9,1
ANIC-87,87,Albifascia,0,ANIC,-35.4,149.55,1130,12/2/2020,2020,2,12,43,-1
ANIC-88,88,Albifascia,-1,ANIC,-35.4,149.55,1130,16/2/2020,2020,2,16,47,-1
ANIC-89,89,Albifascia,-1,ANIC,-35.4,149.55,1143,16/1/2020,2020,1,16,16,1
ANIC-90,90,Albifascia,-1,ANIC,-35.4,149.55,1130,12/2/2020,2020,2,12,43,-1
ANIC-91,91,Albifascia,-1,ANIC,-35.4,149.55,1130,12/2/2020,2020,2,12,43,-1
ANIC-92,92,Albifascia,-1,ANIC,-35.4,149.55,1130,16/2/2020,2020,2,16,47,-1
ANIC-93,93,Albifascia,1,ANIC,-35.4,149.55,1130,19/12/2020,2020,12,19,353,1
ANIC-94,94,Albifascia,1,ANIC,-36.9,149.9,18,18/3/2020,2020,3,18,77,-1
ANIC-95,95,Albifascia,1,ANIC,-35.4,149.55,1130,26/12/2020,2020,12,26,361,1
ANIC-96,96,Albifascia,1,ANIC,-35.4,149.55,1143,1/12/2020,2020,12,1,335,1
ANIC-97,97,Albifascia,0,ANIC,-36.85,149.95,64,20/1/2020,2020,1,20,20,1
AUSM-10,10,,-1,AusMus,-37.05,149.9,52,14/2/2020,2020,2,14,45,-1
AUSM-100,100,Albifascia,1,AusMus,-35.55,150.35,25,6/12/2020,2020,12,6,340,1
AUSM-101,101,Albifascia,1,AusMus,-35.55,150.35,25,6/12/2020,2020,12,6,340,1
AUSM-102,102,Albifascia,1,AusMus,-35.55,150.35,25,6/12/2020,2020,12,6,340,1
AUSM-103,103,Albifascia,1,AusMus,-35.55,150.35,25,6/12/2020,2020,12,6,340,1
AUSM-104,104,Albifascia,1,AusMus,-35.55,150.35,25,6/12/2020,2020,12,6,340,1
AUSM-105,105,Albifascia,0,AusMus,-35.55,150.35,25,6/12/2020,2020,12,6,340,1
AUSM-106,106,Albifascia,1,AusMus,-35.55,150.35,25,6/12/2020,2020,12,6,340,1
AUSM-107,107,Albifascia,1,AusMus,-35.55,150.35,25,6/12/2020,2020,12,6,340,1
AUSM-108,108,Albifascia,1,AusMus,-35.55,150.35,25,6/12/2020,2020,12,6,340,1
AUSM-109,109,Albifascia,1,AusMus,-35.55,150.35,25,6/12/2020,2020,12,6,340,1
AUSM-11,11,,0,AusMus,-37.05,149.9,52,21/12/2020,2020,12,21,355,1
AUSM-110,110,Albifascia,1,AusMus,-35.55,150.35,25,6/12/2020,2020,12,6,340,1
AUSM-111,111,Albifascia,1,AusMus,-35.55,150.35,25,6/12/2020,2020,12,6,340,1
AUSM-112,112,Albifascia,1,AusMus,-35.55,150.35,25,6/12/2020,2020,12,6,340,1
AUSM-113,113,Albifascia,1,AusMus,-35.55,150.35,25,6/12/2020,2020,12,6,340,1
AUSM-114,114,Albifascia,0,AusMus,-35.55,150.35,25,6/12/2020,2020,12,6,340,1
AUSM-115,115,Albifascia,1,AusMus,-35.55,150.35,25,6/12/2020,2020,12,6,340,1
AUSM-116,116,Albifascia,1,AusMus,-35.55,150.35,25,6/12/2020,2020,12,6,340,1
AUSM-117,117,Albifascia,1,AusMus,-35.55,150.35,25,6/12/2020,2020,12,6,340,1
AUSM-118,118,Albifascia,1,AusMus,-35.55,150.35,25,6/12/2020,2020,12,6,340,1
AUSM-119,119,Albifascia,-1,AusMus,-35.55,150.35,25,6/12/2020,2020,12,6,340,1
AUSM-12,12,,1,AusMus,-37,149.9,315,13/11/2020,2020,11,13,317,1
AUSM-120,120,Albifascia,-1,AusMus,-35.55,150.35,25,6/12/2020,2020,12,6,340,1
AUSM-121,121,Albifascia,0,AusMus,-35.55,150.35,25,23/3/2020,2020,3,23,83,-1
AUSM-122,122,Albifascia,1,AusMus,-36.9,149.9,18,27/1/2020,2020,1,27,27,1
AUSM-123,123,Albifascia,1,AusMus,-36.9,149.9,18,27/1/2020,2020,1,27,27,1
AUSM-124,124,Albifascia,1,AusMus,-36.9,149.9,18,27/1/2020,2020,1,27,27,1
AUSM-125,125,Albifascia,1,AusMus,-36.9,149.9,18,27/1/2020,2020,1,27,27,1
AUSM-126,126,Albifascia,1,AusMus,-36.9,149.9,18,27/1/2020,2020,1,27,27,1
AUSM-127,127,Albifascia,1,AusMus,-36.9,149.9,18,27/1/2020,2020,1,27,27,1
AUSM-128,128,Albifascia,-1,AusMus,-36.9,149.9,18,27/1/2020,2020,1,27,27,1
AUSM-129,129,Albifascia,1,AusMus,-36.9,149.9,18,27/1/2020,2020,1,27,27,1
AUSM-13,13,,0,AusMus,-36.45,150.1,0,10/11/2020,2020,11,10,314,1
AUSM-130,130,Albifascia,1,AusMus,-36.1,150.1,52,7/12/2020,2020,12,7,341,1
AUSM-131,131,Albifascia,1,AusMus,-36.1,150.1,52,8/12/2020,2020,12,8,342,1
AUSM-132,132,Albifascia,1,AusMus,-36.1,150.1,52,9/12/2020,2020,12,9,343,1
AUSM-133,133,Albifascia,1,AusMus,-36.1,150.1,52,10/12/2020,2020,12,10,344,1
AUSM-134,134,Albifascia,1,AusMus,-36.1,150.1,52,11/12/2020,2020,12,11,345,1
AUSM-135,135,Albifascia,1,AusMus,-37.25,149.9,71,12/12/2020,2020,12,12,346,1
AUSM-136,136,Albifascia,1,AusMus,-37.25,149.9,71,27/1/2020,2020,1,27,27,1
AUSM-137,137,Albifascia,1,AusMus,-37.25,149.9,71,27/1/2020,2020,1,27,27,1
AUSM-138,138,Albifascia,1,AusMus,-37.25,149.9,71,27/1/2020,2020,1,27,27,1
AUSM-139,139,Albifascia,1,AusMus,-37.25,149.9,71,27/1/2020,2020,1,27,27,1
AUSM-140,140,Albifascia,1,AusMus,-37.25,149.9,71,27/1/2020,2020,1,27,27,1
AUSM-141,141,Albifascia,1,AusMus,-37.25,149.9,71,27/1/2020,2020,1,27,27,1
AUSM-142,142,Albifascia,1,AusMus,-37.25,149.9,71,27/1/2020,2020,1,27,27,1
AUSM-143,143,Albifascia,1,AusMus,-37.25,149.9,71,27/1/2020,2020,1,27,27,1
AUSM-144,144,Albifascia,1,AusMus,-37.25,149.9,71,27/1/2020,2020,1,27,27,1
AUSM-145,145,Albifascia,1,AusMus,-37.25,149.9,71,27/1/2020,2020,1,27,27,1
AUSM-146,146,Albifascia,1,AusMus,-37.25,149.9,71,27/1/2020,2020,1,27,27,1
AUSM-147,147,Abeona,1,AusMus,-35.5,150.35,41,6/12/2020,2020,12,6,340,1
AUSM-148,148,Abeona,1,AusMus,-35.5,150.35,41,6/12/2020,2020,12,6,340,1
AUSM-149,149,Abeona,1,AusMus,-35.5,150.35,41,6/12/2020,2020,12,6,340,1
AUSM-15,15,,1,AusMus,-36.6,149.4,1070,25/12/2020,2020,12,25,359,1
AUSM-150,150,Abeona,1,AusMus,-35.5,150.35,41,6/12/2020,2020,12,6,340,1
AUSM-151,151,Abeona,1,AusMus,-35.5,150.35,41,6/12/2020,2020,12,6,340,1
AUSM-152,152,Abeona,-1,AusMus,-35.5,150.35,41,6/12/2020,2020,12,6,340,1
AUSM-153,153,Abeona,1,AusMus,-35.5,150.35,41,6/12/2020,2020,12,6,340,1
AUSM-154,154,Abeona,1,AusMus,-35.5,150.35,41,6/12/2020,2020,12,6,340,1
AUSM-155,155,Abeona,1,AusMus,-35.5,150.35,41,6/12/2020,2020,12,6,340,1
AUSM-156,156,Abeona,1,AusMus,-35.5,150.35,41,6/12/2020,2020,12,6,340,1
AUSM-157,157,Abeona,1,AusMus,-35.5,150.35,41,6/12/2020,2020,12,6,340,1
AUSM-158,158,Abeona,-1,AusMus,-35.5,150.35,41,6/12/2020,2020,12,6,340,1
AUSM-159,159,Abeona,-1,AusMus,-35.5,150.35,41,6/12/2020,2020,12,6,340,1
AUSM-16,16,,1,AusMus,-36.6,149.4,1070,25/12/2020,2020,12,25,359,1
AUSM-160,160,Abeona,-1,AusMus,-35.5,150.35,41,6/12/2020,2020,12,6,340,1
AUSM-161,161,Abeona,1,AusMus,-35.35,150.45,66,4/12/2020,2020,12,4,338,1
AUSM-162,162,Abeona,1,AusMus,-35.35,150.45,66,4/12/2020,2020,12,4,338,1
AUSM-163,163,Abeona,1,AusMus,-35.35,150.45,66,4/12/2020,2020,12,4,338,1
AUSM-164,164,Abeona,1,AusMus,-35.35,150.45,66,4/12/2020,2020,12,4,338,1
AUSM-165,165,Abeona,1,AusMus,-35.35,150.45,66,4/12/2020,2020,12,4,338,1
AUSM-166,166,Abeona,1,AusMus,-35.35,150.45,66,4/12/2020,2020,12,4,338,1
AUSM-167,167,Abeona,1,AusMus,-35.35,150.45,66,4/12/2020,2020,12,4,338,1
AUSM-168,168,Abeona,1,AusMus,-35.35,150.45,66,4/12/2020,2020,12,4,338,1
AUSM-169,169,Abeona,1,AusMus,-35.35,150.45,66,4/12/2020,2020,12,4,338,1
AUSM-17,17,,1,AusMus,-35.35,150.45,66,28/10/2020,2020,10,28,301,1
AUSM-170,170,Abeona,0,AusMus,-35.35,150.45,66,22/3/2020,2020,3,22,82,-1
AUSM-171,171,Abeona,0,AusMus,-35.35,150.45,66,22/3/2020,2020,3,22,82,-1
AUSM-172,172,Abeona,0,AusMus,-35.35,150.45,66,22/3/2020,2020,3,22,82,-1
AUSM-173,173,Abeona,0,AusMus,-35.35,150.45,66,22/3/2020,2020,3,22,82,-1
AUSM-18,18,,0,AusMus,-35.55,150.35,25,6/11/2020,2020,11,6,310,1
AUSM-19,19,Abeona,1,AusMus,-35.4,150.45,10,4/12/2020,2020,12,4,338,1
AUSM-2,2,,1,AusMus,-37.05,149.9,52,14/2/2020,2020,2,14,45,-1
AUSM-20,20,Abeona,1,AusMus,-35.4,150.45,10,4/12/2020,2020,12,4,338,1
AUSM-21,21,Abeona,1,AusMus,-35.4,150.45,10,4/12/2020,2020,12,4,338,1
AUSM-22,22,Abeona,1,AusMus,-35.4,150.45,10,4/12/2020,2020,12,4,338,1
AUSM-23,23,Abeona,1,AusMus,-35.4,150.45,10,4/12/2020,2020,12,4,338,1
AUSM-24,24,Abeona,1,AusMus,-35.4,150.45,10,4/12/2020,2020,12,4,338,1
AUSM-25,25,Abeona,1,AusMus,-35.4,150.45,10,4/12/2020,2020,12,4,338,1
AUSM-26,26,Abeona,-1,AusMus,-35.4,150.45,10,4/12/2020,2020,12,4,338,1
AUSM-27,27,Abeona,0,AusMus,-35.4,150.45,10,27/3/2020,2020,3,27,87,-1
AUSM-28,28,Albifascia,0,AusMus,-36.6,149.4,1238,22/1/2020,2020,1,22,22,1
AUSM-29,29,Albifascia,1,AusMus,-36.6,149.4,1238,22/1/2020,2020,1,22,22,1
AUSM-3,3,,1,AusMus,-37,149.9,315,13/11/2020,2020,11,13,317,1
AUSM-30,30,Albifascia,1,AusMus,-36.6,149.4,1238,22/1/2020,2020,1,22,22,1
AUSM-31,31,Albifascia,1,AusMus,-36.6,149.4,1238,22/1/2020,2020,1,22,22,1
AUSM-32,32,Albifascia,1,AusMus,-36.6,149.4,1238,22/1/2020,2020,1,22,22,1
AUSM-33,33,Albifascia,1,AusMus,-36.6,149.4,1238,22/1/2020,2020,1,22,22,1
AUSM-34,34,Albifascia,1,AusMus,-36.6,149.4,1238,22/1/2020,2020,1,22,22,1
AUSM-35,35,Albifascia,1,AusMus,-36.6,149.4,1238,22/1/2020,2020,1,22,22,1
AUSM-36,36,Albifascia,1,AusMus,-36.6,149.4,1238,22/1/2020,2020,1,22,22,1
AUSM-37,37,Albifascia,1,AusMus,-36.6,149.4,1238,22/1/2020,2020,1,22,22,1
AUSM-38,38,Albifascia,1,AusMus,-36.6,149.4,1238,22/1/2020,2020,1,22,22,1
AUSM-39,39,Albifascia,0,AusMus,-36.6,149.4,1238,22/1/2020,2020,1,22,22,1
AUSM-4,4,,1,AusMus,-37,149.9,315,14/11/2020,2020,11,14,318,1
AUSM-40,40,Albifascia,-1,AusMus,-36.6,149.4,1238,22/1/2020,2020,1,22,22,1
AUSM-41,41,Albifascia,1,AusMus,-36.6,149.4,1238,22/1/2020,2020,1,22,22,1
AUSM-42,42,Albifascia,1,AusMus,-36.6,149.4,1238,22/1/2020,2020,1,22,22,1
AUSM-43,43,Albifascia,1,AusMus,-36.6,149.4,1238,22/1/2020,2020,1,22,22,1
AUSM-44,44,Albifascia,1,AusMus,-36.6,149.4,1238,22/1/2020,2020,1,22,22,1
AUSM-45,45,Albifascia,1,AusMus,-36.6,149.4,1238,22/1/2020,2020,1,22,22,1
AUSM-46,46,Albifascia,1,AusMus,-36.6,149.4,1238,22/1/2020,2020,1,22,22,1
AUSM-47,47,Albifascia,1,AusMus,-36.6,149.4,1238,22/1/2020,2020,1,22,22,1
AUSM-48,48,Albifascia,1,AusMus,-36.6,149.4,1238,22/1/2020,2020,1,22,22,1
AUSM-49,49,Albifascia,1,AusMus,-36.6,149.4,1238,22/1/2020,2020,1,22,22,1
AUSM-5,5,,1,AusMus,-37,149.9,315,15/11/2020,2020,11,15,319,1
AUSM-50,50,Albifascia,1,AusMus,-36.6,149.4,1238,22/1/2020,2020,1,22,22,1
AUSM-51,51,Albifascia,1,AusMus,-36.6,149.4,1238,22/1/2020,2020,1,22,22,1
AUSM-52,52,Albifascia,1,AusMus,-36.6,149.4,1238,22/1/2020,2020,1,22,22,1
AUSM-53,53,Albifascia,1,AusMus,-36.6,149.4,1238,22/1/2020,2020,1,22,22,1
AUSM-54,54,Albifascia,1,AusMus,-36.6,149.4,1238,22/1/2020,2020,1,22,22,1
AUSM-55,55,Albifascia,-1,AusMus,-36.6,149.4,1238,22/1/2020,2020,1,22,22,1
AUSM-56,56,Albifascia,0,AusMus,-35.85,150.1,182,7/12/2020,2020,12,7,341,1
AUSM-57,57,Albifascia,1,AusMus,-35.85,150.15,10,7/12/2020,2020,12,7,341,1
AUSM-58,58,Albifascia,1,AusMus,-35.85,150.15,10,7/12/2020,2020,12,7,341,1
AUSM-59,59,Albifascia,1,AusMus,-35.85,150.15,10,7/12/2020,2020,12,7,341,1
AUSM-6,6,,1,AusMus,-37,149.9,315,16/11/2020,2020,11,16,320,1
AUSM-60,60,Albifascia,1,AusMus,-35.85,150.15,10,7/12/2020,2020,12,7,341,1
AUSM-61,61,Albifascia,1,AusMus,-35.85,150.15,10,7/12/2020,2020,12,7,341,1
AUSM-62,62,Albifascia,1,AusMus,-35.85,150.15,10,7/12/2020,2020,12,7,341,1
AUSM-63,63,Albifascia,1,AusMus,-35.85,150.15,10,7/12/2020,2020,12,7,341,1
AUSM-64,64,Albifascia,1,AusMus,-35.85,150.15,10,7/12/2020,2020,12,7,341,1
AUSM-65,65,Albifascia,1,AusMus,-35.85,150.15,10,7/12/2020,2020,12,7,341,1
AUSM-66,66,Albifascia,-1,AusMus,-35.85,150.15,10,7/12/2020,2020,12,7,341,1
AUSM-67,67,Albifascia,1,AusMus,-35.85,150.15,10,7/12/2020,2020,12,7,341,1
AUSM-68,68,Albifascia,-1,AusMus,-35.85,150.15,10,7/12/2020,2020,12,7,341,1
AUSM-69,69,Albifascia,-1,AusMus,-35.85,150.15,10,7/12/2020,2020,12,7,341,1
AUSM-70,70,Albifascia,1,AusMus,-35.7,150.2,62,6/12/2020,2020,12,6,340,1
AUSM-71,71,Albifascia,1,AusMus,-35.7,150.2,62,6/12/2020,2020,12,6,340,1
AUSM-72,72,Albifascia,1,AusMus,-35.7,150.2,62,6/12/2020,2020,12,6,340,1
AUSM-73,73,Albifascia,1,AusMus,-35.7,150.2,62,6/12/2020,2020,12,6,340,1
AUSM-74,74,Albifascia,1,AusMus,-35.7,150.2,62,8/12/2020,2020,12,8,342,1
AUSM-75,75,Albifascia,1,AusMus,-35.7,150.2,62,8/12/2020,2020,12,8,342,1
AUSM-76,76,Albifascia,1,AusMus,-35.7,150.2,62,8/12/2020,2020,12,8,342,1
AUSM-77,77,Albifascia,-1,AusMus,-35.7,150.2,62,8/12/2020,2020,12,8,342,1
AUSM-78,78,Albifascia,-1,AusMus,-35.7,150.2,62,8/12/2020,2020,12,8,342,1
AUSM-79,79,Albifascia,1,AusMus,-35.7,150.2,62,8/12/2020,2020,12,8,342,1
AUSM-8,8,,0,AusMus,-36.75,150,49,14/11/2020,2020,11,14,318,1
AUSM-80,80,Albifascia,1,AusMus,-35.7,150.2,62,8/12/2020,2020,12,8,342,1
AUSM-81,81,Albifascia,1,AusMus,-35.55,149.95,869,26/1/2020,2020,1,26,26,1
AUSM-82,82,Albifascia,1,AusMus,-35.55,149.95,869,26/1/2020,2020,1,26,26,1
AUSM-83,83,Albifascia,1,AusMus,-35.55,149.95,869,26/1/2020,2020,1,26,26,1
AUSM-84,84,Albifascia,1,AusMus,-35.55,149.95,869,26/1/2020,2020,1,26,26,1
AUSM-85,85,Albifascia,1,AusMus,-35.55,149.95,869,26/1/2020,2020,1,26,26,1
AUSM-86,86,Albifascia,1,AusMus,-35.55,149.95,869,26/1/2020,2020,1,26,26,1
AUSM-87,87,Albifascia,-1,AusMus,-35.55,149.95,869,26/1/2020,2020,1,26,26,1
AUSM-88,88,Albifascia,-1,AusMus,-35.55,149.95,869,26/1/2020,2020,1,26,26,1
AUSM-89,89,Albifascia,1,AusMus,-37,149.9,8,7/12/2020,2020,12,7,341,1
AUSM-90,90,Albifascia,1,AusMus,-37,149.9,8,8/12/2020,2020,12,8,342,1
AUSM-91,91,Albifascia,1,AusMus,-37,149.9,8,9/12/2020,2020,12,9,343,1
AUSM-92,92,Albifascia,1,AusMus,-37,149.9,8,10/12/2020,2020,12,10,344,1
AUSM-93,93,Albifascia,1,AusMus,-37,149.9,8,27/1/2020,2020,1,27,27,1
AUSM-94,94,Albifascia,1,AusMus,-37,149.9,8,27/1/2020,2020,1,27,27,1
AUSM-95,95,Albifascia,1,AusMus,-37,149.9,8,27/1/2020,2020,1,27,27,1
AUSM-96,96,Albifascia,1,AusMus,-37,149.9,8,27/1/2020,2020,1,27,27,1
AUSM-97,97,Albifascia,1,AusMus,-37,149.9,8,27/1/2020,2020,1,27,27,1
AUSM-98,98,Albifascia,-1,AusMus,-37,149.9,8,27/1/2020,2020,1,27,27,1
AUSM-99,99,Albifascia,-1,AusMus,-37,149.9,8,27/1/2020,2020,1,27,27,1
LB-11,11,,1,LB,-35.95,150.15,15,19/1/2020,2020,1,19,19,1
LB-12,12,,1,LB,-35.95,150.15,15,19/1/2020,2020,1,19,19,1
LB-13,13,,0,LB,-35.55,150.35,122,19/1/2020,2020,1,19,19,1
LB-14,14,,1,LB,-36.7,150,34,21/1/2020,2020,1,21,21,1
LB-15,15,,1,LB,-36.7,150,34,21/1/2020,2020,1,21,21,1
LB-16,16,,1,LB,-36.7,150,34,21/1/2020,2020,1,21,21,1
LB-18,18,,1,LB,-36.85,149.85,98,22/1/2020,2020,1,22,22,1
LB-19,19,,1,LB,-36.85,149.85,98,22/1/2020,2020,1,22,22,1
LB-2,2,,1,LB,-35.8,150.15,127,15/1/2020,2020,1,15,15,1
LB-21,21,,1,LB,-35.55,150.35,139,23/1/2020,2020,1,23,23,1
LB-22,22,,-1,LB,-35.55,150.35,139,23/1/2020,2020,1,23,23,1
LB-23,23,,-1,LB,-35.55,150.35,139,23/1/2020,2020,1,23,23,1
LB-24,24,,-1,LB,-36.85,149.85,101,26/1/2020,2020,1,26,26,1
LB-25,25,,1,LB,-36.85,149.85,101,26/1/2020,2020,1,26,26,1
LB-27,27,,1,LB,-36.85,149.85,98,26/1/2020,2020,1,26,26,1
LB-28,28,,0,LB,-37.2,149.9,169,27/1/2020,2020,1,27,27,1
LB-3,3,,1,LB,-35.8,150.15,127,15/1/2020,2020,1,15,15,1
LB-30,30,,1,LB,-37.1,149.85,65,27/1/2020,2020,1,27,27,1
LB-31,31,,1,LB,-35.55,150.35,135,2/12/2020,2020,12,2,336,1
LB-32,32,,1,LB,-35.6,150.3,122,3/12/2020,2020,12,3,337,1
LB-34,34,,1,LB,-35.6,150.3,122,3/12/2020,2020,12,3,337,1
LB-36,36,,1,LB,-35.55,150.25,107,3/12/2020,2020,12,3,337,1
LB-38,38,,0,LB,-35.55,150.25,107,3/12/2020,2020,12,3,337,1
LB-39,39,,0,LB,-35.85,150.1,17,4/12/2020,2020,12,4,338,1
LB-4,4,,1,LB,-35.8,150.15,127,15/1/2020,2020,1,15,15,1
LB-40,40,,-1,LB,-35.85,150.1,17,4/12/2020,2020,12,4,338,1
LB-41,41,,1,LB,-35.85,150.1,17,4/12/2020,2020,12,4,338,1
LB-42,42,,0,LB,-35.85,150.1,17,4/12/2020,2020,12,4,338,1
LB-43,43,,1,LB,-35.85,150.1,17,4/12/2020,2020,12,4,338,1
LB-44,44,,1,LB,-36.15,150.05,87,5/12/2020,2020,12,5,339,1
LB-45,45,,1,LB,-36.15,150.05,87,5/12/2020,2020,12,5,339,1
LB-46,46,,1,LB,-36.15,150.05,87,5/12/2020,2020,12,5,339,1
LB-47,47,,1,LB,-36.15,150.05,87,5/12/2020,2020,12,5,339,1
LB-48,48,,1,LB,-37,149.9,23,7/12/2020,2020,12,7,341,1
LB-49,49,,1,LB,-37,149.9,23,7/12/2020,2020,12,7,341,1
LB-5,5,,1,LB,-35.8,150.15,127,15/1/2020,2020,1,15,15,1
LB-50,50,,1,LB,-37,149.9,23,7/12/2020,2020,12,7,341,1
LB-51,51,,1,LB,-37,149.9,23,7/12/2020,2020,12,7,341,1
LB-52,52,,1,LB,-37,149.9,23,7/12/2020,2020,12,7,341,1
LB-53,53,,-1,LB,-37,149.9,23,7/12/2020,2020,12,7,341,1
LB-54,54,,1,LB,-37,149.9,23,7/12/2020,2020,12,7,341,1
LB-55,55,,1,LB,-37,149.9,23,7/12/2020,2020,12,7,341,1
LB-56,56,,1,LB,-37,149.9,23,7/12/2020,2020,12,7,341,1
LB-57,57,,1,LB,-37,149.9,23,7/12/2020,2020,12,7,341,1
LB-58,58,,1,LB,-37,149.9,23,7/12/2020,2020,12,7,341,1
LB-59,59,,1,LB,-37,149.9,23,7/12/2020,2020,12,7,341,1
LB-60,60,,0,LB,-37.4,149.7,54,8/12/2020,2020,12,8,342,1
LB-61,61,,1,LB,-37.4,149.7,54,8/12/2020,2020,12,8,342,1
LB-62,62,,1,LB,-37.4,149.7,54,8/12/2020,2020,12,8,342,1
LB-64,64,,-1,LB,-37.3,149.8,103,8/12/2020,2020,12,8,342,1
LB-65,65,,1,LB,-37.3,149.8,160,8/12/2020,2020,12,8,342,1
LB-66,66,,1,LB,-37.3,149.8,160,8/12/2020,2020,12,8,342,1
LB-67,67,,1,LB,-37.3,149.8,160,8/12/2020,2020,12,8,342,1
LB-68,68,,1,LB,-37.15,149.85,67,8/12/2020,2020,12,8,342,1
LB-69,69,,1,LB,-37.15,149.85,67,9/12/2020,2020,12,9,343,1
LB-7,7,,1,LB,-35.8,150.15,127,17/1/2020,2020,1,17,17,1
LB-70,70,,1,LB,-36.5,150,157,10/12/2020,2020,12,10,344,1
LB-72,72,,1,LB,-36.5,150,157,10/12/2020,2020,12,10,344,1
LB-73,73,,0,LB,-36.5,150,157,10/12/2020,2020,12,10,344,1
LB-74,74,,1,LB,-36.5,150,157,10/12/2020,2020,12,10,344,1
LB-75,75,,1,LB,-36.5,150,157,10/12/2020,2020,12,10,344,1
LB-8,8,,1,LB,-35.8,150.15,127,17/1/2020,2020,1,17,17,1
LB-9,9,,1,LB,-35.8,150.15,127,17/1/2020,2020,1,17,17,1
MCV-1,1,abeona,1,MCV,-35.55,150.35,62,21/1/2020,2020,1,21,21,1
MCV-10,10,?,1,MCV,-36.15,150.05,69,24/1/2020,2020,1,24,24,1
MCV-100,100,,1,MCV,-36.45,150,144,24/1/2020,2020,1,24,24,1
MCV-101,101,,-1,MCV,-36.45,150,144,24/1/2020,2020,1,24,24,1
MCV-102,102,,1,MCV,-36.45,150,144,24/1/2020,2020,1,24,24,1
MCV-103,103,,1,MCV,-36.45,150,144,24/1/2020,2020,1,24,24,1
MCV-104,104,,1,MCV,-36.45,150,144,24/1/2020,2020,1,24,24,1
MCV-105,105,,1,MCV,-36.45,150,144,24/1/2020,2020,1,24,24,1
MCV-106,106,,1,MCV,-37.1,149.95,67,25/2/2020,2020,2,25,56,-1
MCV-107,107,,1,MCV,-37.1,149.95,67,25/2/2020,2020,2,25,56,-1
MCV-108,108,,1,MCV,-36,150.1,76,26/2/2020,2020,2,26,57,-1
MCV-109,109,,1,MCV,-35.85,150.1,14,26/2/2020,2020,2,26,57,-1
MCV-11,11,?,1,MCV,-36.15,150,199,24/1/2020,2020,1,24,24,1
MCV-110,110,,1,MCV,-36,150.1,76,27/2/2020,2020,2,27,58,-1
MCV-111,111,,1,MCV,-36,150.1,76,27/2/2020,2020,2,27,58,-1
MCV-112,112,,1,MCV,-35.7,150.15,146,27/2/2020,2020,2,27,58,-1
MCV-113,113,,1,MCV,-35.7,150.15,146,27/2/2020,2020,2,27,58,-1
MCV-114,114,,1,MCV,-35.7,150.15,146,27/2/2020,2020,2,27,58,-1
MCV-115,115,,1,MCV,-35.7,150.15,146,27/2/2020,2020,2,27,58,-1
MCV-116,116,,1,MCV,-35.7,150.15,146,27/2/2020,2020,2,27,58,-1
MCV-117,117,,1,MCV,-35.7,150.15,146,27/2/2020,2020,2,27,58,-1
MCV-118,118,,1,MCV,-35.45,150.4,96,27/2/2020,2020,2,27,58,-1
MCV-119,119,,1,MCV,-35.45,150.4,96,27/2/2020,2020,2,27,58,-1
MCV-12,12,abeona,1,MCV,-36.7,150,60,25/1/2020,2020,1,25,25,1
MCV-120,120,,1,MCV,-35.45,150.4,96,27/2/2020,2020,2,27,58,-1
MCV-121,121,,1,MCV,-35.45,150.4,96,27/2/2020,2020,2,27,58,-1
MCV-13,13,abeona,1,MCV,-36.7,150,48,25/1/2020,2020,1,25,25,1
MCV-14,14,?,1,MCV,-36.7,150,48,25/1/2020,2020,1,25,25,1
MCV-15,15,albifascia,-1,MCV,-36.15,150.05,70,26/1/2020,2020,1,26,26,1
MCV-16,16,abeona,1,MCV,-36.15,150.05,59,26/1/2020,2020,1,26,26,1
MCV-17,17,albifascia,-1,MCV,-36.15,150.05,59,26/1/2020,2020,1,26,26,1
MCV-18,18,abeona,1,MCV,-36.15,150.05,59,26/1/2020,2020,1,26,26,1
MCV-19,19,abeona,1,MCV,-36.15,150.05,59,26/1/2020,2020,1,26,26,1
MCV-2,2,abeona,1,MCV,-35.55,150.35,76,21/1/2020,2020,1,21,21,1
MCV-20,20,abeona,1,MCV,-36.15,150.05,70,26/1/2020,2020,1,26,26,1
MCV-21,21,?,1,MCV,-36.15,150.05,70,26/1/2020,2020,1,26,26,1
MCV-22,22,albifascia,1,MCV,-36.15,150.05,70,26/1/2020,2020,1,26,26,1
MCV-23,23,albifascia,1,MCV,-36.15,150.05,77,26/1/2020,2020,1,26,26,1
MCV-24,24,,1,MCV,-36.15,150.05,77,26/1/2020,2020,1,26,26,1
MCV-25,25,,1,MCV,-36.15,150.05,56,26/1/2020,2020,1,26,26,1
MCV-26,26,,1,MCV,-36.15,150.05,56,26/1/2020,2020,1,26,26,1
MCV-27,27,,1,MCV,-36.15,150.05,56,26/1/2020,2020,1,26,26,1
MCV-28,28,,1,MCV,-36.15,150.05,63,26/1/2020,2020,1,26,26,1
MCV-29,29,,1,MCV,-36.15,150.05,97,26/1/2020,2020,1,26,26,1
MCV-3,3,abeona,1,MCV,-35.6,150.3,103,22/1/2020,2020,1,22,22,1
MCV-30,30,,1,MCV,-36.15,150.05,97,26/1/2020,2020,1,26,26,1
MCV-31,31,,1,MCV,-36.15,150.05,97,26/1/2020,2020,1,26,26,1
MCV-32,32,,1,MCV,-36.95,149.9,31,27/1/2020,2020,1,27,27,1
MCV-33,33,,1,MCV,-36.95,149.9,31,27/1/2020,2020,1,27,27,1
MCV-34,34,,1,MCV,-36.95,149.9,31,27/1/2020,2020,1,27,27,1
MCV-35,35,,1,MCV,-36.95,149.9,31,27/1/2020,2020,1,27,27,1
MCV-36,36,,1,MCV,-36.95,149.9,31,27/1/2020,2020,1,27,27,1
MCV-37,37,,1,MCV,-36.95,149.9,31,27/1/2020,2020,1,27,27,1
MCV-38,38,,-1,MCV,-36.95,149.9,31,27/1/2020,2020,1,27,27,1
MCV-39,39,,1,MCV,-36.95,149.9,31,27/1/2020,2020,1,27,27,1
MCV-4,4,?,1,MCV,-36.15,150,162,23/1/2020,2020,1,23,23,1
MCV-40,40,,1,MCV,-37.35,149.75,106,28/1/2020,2020,1,28,28,1
MCV-41,41,,1,MCV,-37.35,149.75,106,28/1/2020,2020,1,28,28,1
MCV-42,42,,1,MCV,-37.35,149.75,106,28/1/2020,2020,1,28,28,1
MCV-43,43,,1,MCV,-37.3,149.75,119,28/1/2020,2020,1,28,28,1
MCV-44,44,,1,MCV,-37.3,149.75,116,28/1/2020,2020,1,28,28,1
MCV-45,45,,1,MCV,-37.3,149.75,116,28/1/2020,2020,1,28,28,1
MCV-46,46,,-1,MCV,-37.3,149.75,116,28/1/2020,2020,1,28,28,1
MCV-47,47,,1,MCV,-37.3,149.75,97,28/1/2020,2020,1,28,28,1
MCV-48,48,,1,MCV,-37.3,149.75,180,28/1/2020,2020,1,28,28,1
MCV-49,49,,1,MCV,-36.95,149.9,31,28/1/2020,2020,1,28,28,1
MCV-5,5,abeona,-1,MCV,-35.55,150.35,76,23/1/2020,2020,1,23,23,1
MCV-50,50,,1,MCV,-36.95,149.9,31,28/1/2020,2020,1,28,28,1
MCV-51,51,,-1,MCV,-36.95,149.9,31,28/1/2020,2020,1,28,28,1
MCV-52,52,,1,MCV,-36.95,149.9,31,28/1/2020,2020,1,28,28,1
MCV-53,53,,1,MCV,-36.95,149.9,31,28/1/2020,2020,1,28,28,1
MCV-54,54,,1,MCV,-37.1,149.95,67,29/1/2020,2020,1,29,29,1
MCV-55,55,,1,MCV,-37.1,149.95,67,29/1/2020,2020,1,29,29,1
MCV-56,56,,1,MCV,-37.1,149.95,67,29/1/2020,2020,1,29,29,1
MCV-57,57,,1,MCV,-37.1,149.95,67,29/1/2020,2020,1,29,29,1
MCV-58,58,,1,MCV,-37.1,149.95,67,29/1/2020,2020,1,29,29,1
MCV-59,59,,1,MCV,-37.1,149.95,67,29/1/2020,2020,1,29,29,1
MCV-6,6,abeona,1,MCV,-35.55,150.35,76,23/1/2020,2020,1,23,23,1
MCV-60,60,,-1,MCV,-37.3,149.75,84,29/1/2020,2020,1,29,29,1
MCV-61,61,,-1,MCV,-37.3,149.75,84,29/1/2020,2020,1,29,29,1
MCV-62,62,,1,MCV,-37.35,149.75,106,29/1/2020,2020,1,29,29,1
MCV-63,63,,1,MCV,-37.35,149.75,106,29/1/2020,2020,1,29,29,1
MCV-64,64,,-1,MCV,-37.35,149.75,106,29/1/2020,2020,1,29,29,1
MCV-65,65,,1,MCV,-37.35,149.75,132,29/1/2020,2020,1,29,29,1
MCV-66,66,,1,MCV,-37.35,149.7,166,29/1/2020,2020,1,29,29,1
MCV-67,67,,1,MCV,-37.35,149.7,166,29/1/2020,2020,1,29,29,1
MCV-68,68,,1,MCV,-37.35,149.7,166,29/1/2020,2020,1,29,29,1
MCV-69,69,,1,MCV,-37.1,149.95,67,30/1/2020,2020,1,30,30,1
MCV-7,7,abeona,1,MCV,-35.55,150.35,76,23/1/2020,2020,1,23,23,1
MCV-70,70,,-1,MCV,-36.7,150,29,30/1/2020,2020,1,30,30,1
MCV-71,71,,1,MCV,-35.55,150.3,98,31/1/2020,2020,1,31,31,1
MCV-72,72,,1,MCV,-35.55,150.35,76,31/1/2020,2020,1,31,31,1
MCV-73,73,,1,MCV,-35.55,150.35,76,31/1/2020,2020,1,31,31,1
MCV-74,74,,1,MCV,-35.55,150.35,76,31/1/2020,2020,1,31,31,1
MCV-75,75,,1,MCV,-35.55,150.35,76,31/1/2020,2020,1,31,31,1
MCV-76,76,,1,MCV,-35.55,150.35,76,31/1/2020,2020,1,31,31,1
MCV-77,77,,1,MCV,-35.55,150.35,76,31/1/2020,2020,1,31,31,1
MCV-78,78,,1,MCV,-35.45,150.4,96,21/2/2020,2020,2,21,52,-1
MCV-79,79,,1,MCV,-35.45,150.4,96,21/2/2020,2020,2,21,52,-1
MCV-8,8,abeona,-1,MCV,-35.55,150.35,76,23/1/2020,2020,1,23,23,1
MCV-80,80,,-1,MCV,-35.45,150.4,96,21/2/2020,2020,2,21,52,-1
MCV-81,81,,1,MCV,-35.45,150.4,96,21/2/2020,2020,2,21,52,-1
MCV-82,82,,1,MCV,-35.45,150.4,96,21/2/2020,2020,2,21,52,-1
MCV-83,83,,-1,MCV,-35.45,150.4,96,21/2/2020,2020,2,21,52,-1
MCV-84,84,,1,MCV,-35.45,150.4,96,21/2/2020,2020,2,21,52,-1
MCV-85,85,,1,MCV,-35.7,150.15,95,22/2/2020,2020,2,22,53,-1
MCV-86,86,,1,MCV,-35.85,150.1,76,22/2/2020,2020,2,22,53,-1
MCV-87,87,,1,MCV,-36,150.1,76,23/2/2020,2020,2,23,54,-1
MCV-88,88,,1,MCV,-36,150.1,76,23/2/2020,2020,2,23,54,-1
MCV-89,89,,1,MCV,-36,150.1,76,23/2/2020,2020,2,23,54,-1
MCV-9,9,abeona,-1,MCV,-35.55,150.35,76,23/1/2020,2020,1,23,23,1
MCV-90,90,,1,MCV,-36,150.1,76,23/2/2020,2020,2,23,54,-1
MCV-91,91,,1,MCV,-36,150.1,76,23/2/2020,2020,2,23,54,-1
MCV-92,92,,1,MCV,-36,150.1,76,23/2/2020,2020,2,23,54,-1
MCV-93,93,,1,MCV,-36,150.1,76,23/2/2020,2020,2,23,54,-1
MCV-94,94,,1,MCV,-36.7,150,48,24/1/2020,2020,1,24,24,1
MCV-95,95,,1,MCV,-36.7,150,48,24/1/2020,2020,1,24,24,1
MCV-96,96,,1,MCV,-36.7,150,48,24/1/2020,2020,1,24,24,1
MCV-97,97,,1,MCV,-36.7,150,48,24/1/2020,2020,1,24,24,1
MCV-98,98,,1,MCV,-36.7,150,48,24/1/2020,2020,1,24,24,1
MCV-99,99,,1,MCV,-36.7,150,48,24/1/2020,2020,1,24,24,1
